id,classificador,score_f1,precision,train_time,test_time,transacao
34,LogisticRegression-upsampled,0.54133064516129,0.383006038704769,13.8204689025879,0.0295975208282471,22/09/2020 20:43:26
35,LogisticRegression-Parcial,0.255872291904219,0.177027453455349,3.21141362190247,0.00505709648132324,22/09/2020 20:43:26
36,LogisticRegression-Sem Tratamento,0.642857142857143,0.602870813397129,1.26871418952942,0.00398874282836914,22/09/2020 20:43:26
37,SGD Classifier-upsampled,0.514462875954869,0.602870813397129,6.98312902450562,0.0239384174346924,22/09/2020 20:43:26
38,SGD Classifier - Tratamento Parcial,0.262922353994182,0.602870813397129,3.32517433166504,0.00901222229003906,22/09/2020 20:43:26
39,SGD Classifier - Sem Tratamento,0.259690790947793,0.602870813397129,2.93438911437988,0.00797820091247559,22/09/2020 20:43:26
40,Perceptron - upsampled,0.489830036221789,0.476888020833333,2.04972052574158,0.0149292945861816,22/09/2020 20:43:26
41,Perceptron-Tratamento Parcial,0.146464646464646,0.13880706921944,0.6303391456604,0.00598859786987305,22/09/2020 20:43:26
42,Perceptron - Sem Tratamento,0.524435318275154,0.51264552388599,0.299199342727661,0.00299239158630371,22/09/2020 20:43:26
43,RidgeClassifier - upsampled,0.57134743717166,0.751166697778607,2.58109712600708,0.0169522762298584,22/09/2020 20:43:26
44,RidgeClassifier - Tratamento Parcial,0.0352011494252874,0.139204545454545,0.742733955383301,0.00496125221252441,22/09/2020 20:43:26
45,RidgeClassifier - Sem Tratamento ,0.56784434203789,0.72626064178127,0.261644601821899,0.00299286842346191,22/09/2020 20:43:26
46,KNeighborsClassifier,0.538927335640138,0.726813144079331,0.0441501140594482,14.1072270870209,22/09/2020 20:43:26
47,RidgeClassifier - Sem Tratamento ,0.56784434203789,0.72626064178127,0.258383750915527,0.00299072265625,22/09/2020 20:43:26
48,RidgeClassifier - Sem Tratamento ,0.56784434203789,0.72626064178127,0.369215726852417,0.00982546806335449,22/09/2020 20:43:26
49,RidgeClassifier - Sem Tratamento ,0.56784434203789,0.72626064178127,0.455280303955078,0.00976753234863281,22/09/2020 20:43:26
50,RidgeClassifier - Sem Tratamento ,0.56784434203789,0.72626064178127,0.380570411682129,0.0,22/09/2020 20:43:26
51,RidgeClassifier - Sem Tratamento ,0.56784434203789,0.72626064178127,0.296551465988159,0.00498723983764648,22/09/2020 20:43:26
52,KNeighborsClassifier,0.538927335640138,0.726813144079331,0.0639877319335937,17.6712689399719,22/09/2020 20:43:26
53,KNeighborsClassifier - Tratamento Parcial,0.00163934426229508,0.25,0.0169529914855957,3.08812355995178,22/09/2020 20:43:26
54,KNeighborsClassifier - Tratamento Parcial,0.433187772925764,0.704545454545455,0.00498628616333008,0.549558162689209,22/09/2020 20:43:26
55,PassiveAggressiveClassifier,0.597054886211513,0.606838618078561,1.88837599754333,0.0104701519012451,22/09/2020 20:43:26
56,VotingClassifier,0.597960279119699,0.623662602637472,2.14529776573181,0.0202925205230713,22/09/2020 20:43:26
57,PassiveAggressiveClassifier,0.0446793177996637,0.0537261698440208,0.701109170913696,0.014554500579834,22/09/2020 20:43:26
58,PassiveAggressiveClassifier,0.593751881057003,0.625570776255708,2.36547064781189,0.00993037223815918,22/09/2020 20:43:26
59,PassiveAggressiveClassifier - - Tratamento Parcial,0.0410795318844041,0.049002849002849,0.705953359603882,0.0,22/09/2020 20:43:26
60,VotingClassifier,0.596201386795297,0.629327902240326,2.11481404304504,0.0201759338378906,22/09/2020 20:43:26
61,VotingClassifier,0.594131143581693,0.628111834546151,1.82173776626587,0.0206432342529297,22/09/2020 20:43:26
62,VotingClassifier - tratamento parcial,0.0468372766779334,0.0567251461988304,0.431379795074463,0.00853157043457031,22/09/2020 20:43:26
63,VotingClassifier - sem tratamento,0.563965170797053,0.601428571428571,0.179552316665649,0.00448322296142578,22/09/2020 20:43:26
64,ExtraTreesClassifier - upsampled,0.599815765232267,0.70459112691297,201.519667625427,0.243650674819946,22/09/2020 20:43:26
65,ExtraTreesClassifier - tratamento parcial,0.0120156203063983,0.0222965440356745,65.7343780994415,0.0708215236663818,22/09/2020 20:43:26
66,ExtraTreesClassifier - sem tratamento,0.41011578305911,0.745293466223699,1.67349696159363,0.0302820205688477,22/09/2020 20:43:26
67,AdaBoostClassifier - upsampled,0.480884109916368,0.690542569161484,170.11806678772,4.71730375289917,22/09/2020 20:43:26
68,AdaBoostClassifier - tratamento parcial,0.102661596958175,0.223756906077348,77.2693490982056,1.87004208564758,22/09/2020 20:43:26
69,LogisticRegression-upsampled,0.54133064516129,0.383006038704769,10.5040168762207,0.0229430198669434,23/09/2020 18:27:57
70,LogisticRegression-Parcial,0.255872291904219,0.177027453455349,2.85732555389404,0.00897455215454102,23/09/2020 18:27:57
71,LogisticRegression-Sem Tratamento,0.642857142857143,0.602870813397129,1.02426099777222,0.00299263000488281,23/09/2020 18:27:57
72,SGD Classifier-upsampled,0.513168803010012,0.602870813397129,5.87818312644958,0.0169568061828613,23/09/2020 18:27:57
73,SGD Classifier - Tratamento Parcial,0.263063867798124,0.602870813397129,2.38864827156067,0.00597500801086426,23/09/2020 18:27:57
74,SGD Classifier - Sem Tratamento,0.259757738896366,0.602870813397129,2.47238564491272,0.00598406791687012,23/09/2020 18:27:57
75,Perceptron - upsampled,0.489830036221789,0.476888020833333,2.20912671089172,0.0139260292053223,23/09/2020 18:27:57
76,Perceptron-Tratamento Parcial,0.146464646464646,0.13880706921944,0.736077547073364,0.00493907928466797,23/09/2020 18:27:57
77,Perceptron - Sem Tratamento,0.524435318275154,0.51264552388599,0.33613133430481,0.00398826599121094,23/09/2020 18:27:57
78,RidgeClassifier - upsampled,0.57134743717166,0.751166697778607,3.05885291099548,0.020951509475708,23/09/2020 18:27:57
79,RidgeClassifier - Tratamento Parcial,0.0352011494252874,0.139204545454545,0.904537200927734,0.00997400283813477,23/09/2020 18:27:57
80,RidgeClassifier - Sem Tratamento ,0.56784434203789,0.72626064178127,0.320100784301758,0.00398635864257812,23/09/2020 18:27:57
81,KNeighborsClassifier,0.538927335640138,0.726813144079331,0.0399017333984375,15.0859389305115,23/09/2020 18:27:57
82,KNeighborsClassifier - Tratamento Parcial,0.00163934426229508,0.25,0.0139691829681396,2.25897169113159,23/09/2020 18:27:57
83,KNeighborsClassifier - Tratamento Parcial,0.433187772925764,0.704545454545455,0.010969877243042,0.724090576171875,23/09/2020 18:27:57
84,PassiveAggressiveClassifier - upsampled,0.59143827310211,0.628236506505217,1.60171723365784,0.0139634609222412,23/09/2020 18:27:57
85,PassiveAggressiveClassifier - - Tratamento Parcial,0.0465807730426165,0.0586034912718204,0.712097883224487,0.00598239898681641,23/09/2020 18:27:57
86,VotingClassifier - upsampled,0.595013517572845,0.625568468923699,1.7164134979248,0.0139672756195068,23/09/2020 18:27:57
87,VotingClassifier - tratamento parcial,0.0496647628507574,0.0626959247648903,0.50269627571106,0.00494527816772461,23/09/2020 18:27:57
88,VotingClassifier - sem tratamento,0.568680089485459,0.607843137254902,0.175572395324707,0.00394821166992187,23/09/2020 18:27:57
89,ExtraTreesClassifier - upsampled,0.6,0.704682429299954,229.675311326981,0.306514501571655,23/09/2020 18:27:57
90,ExtraTreesClassifier - tratamento parcial,0.0108173076923077,0.0200892857142857,78.1492314338684,0.0768084526062012,23/09/2020 18:27:57
91,ExtraTreesClassifier - sem tratamento,0.387431360585723,0.706340378197998,1.81514811515808,0.033907413482666,23/09/2020 18:27:57
92,AdaBoostClassifier - upsampled,0.480884109916368,0.690542569161484,198.378576517105,5.36165976524353,23/09/2020 18:27:57
93,AdaBoostClassifier - tratamento parcial,0.102629078238834,0.223448275862069,87.6696221828461,1.81614518165588,23/09/2020 18:27:57
94,AdaBoostClassifier - sem tratamento,0.52819414703783,0.608552631578947,26.8676204681396,1.06143975257874,23/09/2020 18:27:57
95,GradientBoostingClassifier - upsampled,0.34677565849228,0.83691363437089,254.172522306442,0.203158617019653,23/09/2020 18:27:57
96,GradientBoostingClassifier - Tratamento Parcial,0.0148989003192622,0.0542635658914729,206.497868061066,0.0900359153747559,23/09/2020 18:27:57
97,GradientBoostingClassifier  - sem tratamento,0.476349471341124,0.704526748971193,63.9929382801056,0.0119686126708984,23/09/2020 18:27:57
98,RandomForestClassifier - upsampled,0.606780310285386,0.685318719353908,902.787387371063,1.12196087837219,23/09/2020 18:27:57
99,RandomForestClassifier - Tratamento Parcial,0.00854214123006834,0.0138888888888889,210.847387313843,0.328096389770508,23/09/2020 18:27:57
100,RandomForestClassifier- Sem Tratamento,0.421210305572199,0.733055265901981,6.18855619430542,0.142388820648193,23/09/2020 18:27:57
101,LogisticRegression-upsampled,0.54133064516129,0.383006038704769,11.7693598270416,0.0201737880706787,24/09/2020 22:24:57
102,LogisticRegression-Parcial,0.255872291904219,0.177027453455349,2.96964073181152,0.00897383689880371,24/09/2020 22:24:57
103,LogisticRegression-Sem Tratamento,0.642857142857143,0.602870813397129,1.17607617378235,0.0100102424621582,24/09/2020 22:24:57
104,SGD Classifier-upsampled,0.514094173982442,0.602870813397129,5.86285305023193,0.0235085487365723,24/09/2020 22:24:57
105,SGD Classifier - Tratamento Parcial,0.263428827215757,0.602870813397129,2.91301965713501,0.0098416805267334,24/09/2020 22:24:57
106,SGD Classifier - Sem Tratamento,0.263923059718184,0.602870813397129,2.483553647995,0.0,24/09/2020 22:24:57
107,Perceptron - upsampled,0.489830036221789,0.476888020833333,1.9555823802948,0.0156524181365967,24/09/2020 22:24:57
108,Perceptron-Tratamento Parcial,0.146464646464646,0.13880706921944,0.642322540283203,0.0156214237213135,24/09/2020 22:24:57
109,Perceptron - Sem Tratamento,0.524435318275154,0.51264552388599,0.309175491333008,0.00398778915405273,24/09/2020 22:24:57
110,RidgeClassifier - upsampled,0.57134743717166,0.751166697778607,2.83527708053589,0.0139625072479248,24/09/2020 22:24:57
111,RidgeClassifier - Tratamento Parcial,0.0352011494252874,0.139204545454545,0.806689023971558,0.0,24/09/2020 22:24:57
112,RidgeClassifier - Sem Tratamento ,0.56784434203789,0.72626064178127,0.309051990509033,0.00398826599121094,24/09/2020 22:24:57
113,KNeighborsClassifier,0.538927335640138,0.726813144079331,0.0498995780944824,14.3262422084808,24/09/2020 22:24:57
114,KNeighborsClassifier - Tratamento Parcial,0.00163934426229508,0.25,0.0139999389648438,2.28389239311218,24/09/2020 22:24:57
115,KNeighborsClassifier - Tratamento Parcial,0.433187772925764,0.704545454545455,0.00802350044250488,0.6735520362854,24/09/2020 22:24:57
116,PassiveAggressiveClassifier - upsampled,0.595506294801518,0.62792174796748,1.97904515266418,0.0156614780426025,24/09/2020 22:24:57
117,PassiveAggressiveClassifier - - Tratamento Parcial,0.0400811770674784,0.052317880794702,0.655718326568604,0.0,24/09/2020 22:24:57
118,VotingClassifier - upsampled,0.595687984496124,0.631890016703071,1.87579011917114,0.0155861377716064,24/09/2020 22:24:57
119,VotingClassifier - tratamento parcial,0.0455840455840456,0.0539325842696629,0.487713813781738,0.0199065208435059,24/09/2020 22:24:57
120,VotingClassifier - sem tratamento,0.564102564102564,0.600664767331434,0.17852258682251,0.0029909610748291,24/09/2020 22:24:57
121,ExtraTreesClassifier - upsampled,0.599894709133983,0.704809030462347,216.588883399963,0.304437398910522,24/09/2020 22:24:57
122,ExtraTreesClassifier - tratamento parcial,0.0144014401440144,0.0266370699223085,74.4269511699677,0.0689244270324707,24/09/2020 22:24:57
123,ExtraTreesClassifier - sem tratamento,0.405208964264082,0.724810400866739,1.91774797439575,0.0377528667449951,24/09/2020 22:24:57
124,AdaBoostClassifier - upsampled,0.480884109916368,0.690542569161484,194.223568916321,6.33494567871094,24/09/2020 22:24:57
125,AdaBoostClassifier - tratamento parcial,0.102661596958175,0.223756906077348,94.5863208770752,1.83891463279724,24/09/2020 22:24:57
126,AdaBoostClassifier - sem tratamento,0.528068506184586,0.608219178082192,32.1474709510803,0.96765923500061,24/09/2020 22:24:57
127,GradientBoostingClassifier - upsampled,0.344865258557902,0.839911308203991,207.12558555603,0.158082962036133,24/09/2020 22:24:57
128,GradientBoostingClassifier - Tratamento Parcial,0.0135231316725979,0.0502645502645503,183.457718133926,0.0534119606018066,24/09/2020 22:24:57
129,GradientBoostingClassifier  - sem tratamento,0.478732276897414,0.706896551724138,58.9076352119446,0.0345625877380371,24/09/2020 22:24:57
130,LogisticRegression-upsampled,0.538704900376952,0.381403993709193,6.71123886108398,0.0,24/09/2020 22:51:58
131,LogisticRegression-Parcial,0.211574507966261,0.147935779816514,2.34828567504883,0.0119669437408447,24/09/2020 22:51:58
132,LogisticRegression-Sem Tratamento,0.572781065088757,0.539576365663322,1.043790102005,0.00398945808410645,24/09/2020 22:51:58
133,SGD Classifier-upsampled,0.509981215575154,0.539576365663322,5.06825757026672,0.0199642181396484,24/09/2020 22:51:58
134,SGD Classifier - Tratamento Parcial,0.21651502936773,0.539576365663322,2.38654017448425,0.0,24/09/2020 22:51:58
135,SGD Classifier - Sem Tratamento,0.216611447503713,0.539576365663322,2.33724141120911,0.00909662246704102,24/09/2020 22:51:58
136,Perceptron - upsampled,0.479572095140549,0.476427360090447,2.03038573265076,0.0179533958435059,24/09/2020 22:51:58
137,Perceptron-Tratamento Parcial,0.111914893617021,0.115961199294533,0.734402418136597,0.0,24/09/2020 22:51:58
138,Perceptron - Sem Tratamento,0.47643362136685,0.447106524143015,0.382868766784668,0.00299167633056641,24/09/2020 22:51:58
139,RidgeClassifier - upsampled,0.559370942143991,0.755308786284824,3.01503419876099,0.01694655418396,24/09/2020 22:51:58
140,RidgeClassifier - Tratamento Parcial,0.0185185185185185,0.0932835820895522,1.11636209487915,0.0050046443939209,24/09/2020 22:51:58
141,RidgeClassifier - Sem Tratamento ,0.475013433637829,0.658227848101266,0.313196182250977,0.00598692893981934,24/09/2020 22:51:58
142,KNeighborsClassifier,0.490172543135784,0.710063029776136,0.0538599491119385,14.2661924362183,24/09/2020 22:51:58
143,KNeighborsClassifier - Tratamento Parcial,0.0,0.0,0.0129647254943848,2.43703770637512,24/09/2020 22:51:58
144,KNeighborsClassifier - Tratamento Parcial,0.141452344931921,0.705660377358491,0.00495624542236328,0.637294769287109,24/09/2020 22:51:58
145,PassiveAggressiveClassifier - upsampled,0.586871165644172,0.631752740721173,1.71233534812927,0.0209474563598633,24/09/2020 22:51:58
146,PassiveAggressiveClassifier - - Tratamento Parcial,0.0306301782575948,0.0393294648613798,0.555064678192139,0.00701522827148437,24/09/2020 22:51:58
147,VotingClassifier - upsampled,0.59686505020818,0.64106273839274,1.75891447067261,0.0148804187774658,24/09/2020 22:51:58
148,VotingClassifier - tratamento parcial,0.0320121951219512,0.0418882978723404,0.643754482269287,0.00601315498352051,24/09/2020 22:51:58
149,VotingClassifier - sem tratamento,0.485436893203884,0.524390243902439,0.186503410339355,0.00398874282836914,24/09/2020 22:51:58
150,ExtraTreesClassifier - upsampled,0.599907888676887,0.704636785162287,191.907709360123,0.280157089233398,24/09/2020 22:51:58
151,ExtraTreesClassifier - tratamento parcial,0.00961249624511865,0.0178372352285396,70.4710466861725,0.08078932762146,24/09/2020 22:51:58
152,ExtraTreesClassifier - sem tratamento,0.362037598544572,0.64961915125136,2.27335929870605,0.0379295349121094,24/09/2020 22:51:58
153,AdaBoostClassifier - upsampled,0.444043887147336,0.702803274621682,138.181389808655,4.3379077911377,24/09/2020 22:51:58
154,AdaBoostClassifier - tratamento parcial,0.0597844977407021,0.193258426966292,75.1628572940826,1.65911030769348,24/09/2020 22:51:58
155,AdaBoostClassifier - sem tratamento,0.451517394522576,0.546594982078853,23.1246621608734,0.774924993515015,24/09/2020 22:51:58
156,GradientBoostingClassifier - upsampled,0.29448203564281,0.875850340136054,164.034638166428,0.100322246551514,24/09/2020 22:51:58
157,GradientBoostingClassifier - Tratamento Parcial,0.00592373195112921,0.0297397769516729,138.311467647552,0.0558505058288574,24/09/2020 22:51:58
158,GradientBoostingClassifier  - sem tratamento,0.378183997602637,0.65866388308977,37.9700944423676,0.0156564712524414,24/09/2020 22:51:58
159,RandomForestClassifier - upsampled,0.604371724402403,0.683533323695244,715.212383031845,1.46482014656067,24/09/2020 22:51:58
160,RandomForestClassifier - Tratamento Parcial,0.00402414486921529,0.00668576886341929,197.417099237442,0.364084005355835,24/09/2020 22:51:58
161,RandomForestClassifier- Sem Tratamento,0.350822725861534,0.671021377672209,7.91702485084534,0.221407651901245,24/09/2020 22:51:58
162,LogisticRegression-upsampled,0.538704900376952,0.381403993709193,8.28881335258484,0.0179522037506104,25/09/2020 00:34:43
163,LogisticRegression-Parcial,0.211574507966261,0.147935779816514,2.05264449119568,0.00598311424255371,25/09/2020 00:34:43
164,LogisticRegression-Sem Tratamento,0.572781065088757,0.539576365663322,0.907604455947876,0.00398945808410645,25/09/2020 00:34:43
165,SGD Classifier-upsampled,0.508782517549154,0.539576365663322,3.93244028091431,0.0139951705932617,25/09/2020 00:34:43
166,SGD Classifier - Tratamento Parcial,0.218504609081598,0.539576365663322,1.69447112083435,0.0059816837310791,25/09/2020 00:34:43
167,SGD Classifier - Sem Tratamento,0.219390077378243,0.539576365663322,1.77883815765381,0.0059821605682373,25/09/2020 00:34:43
168,Perceptron - upsampled,0.479572095140549,0.476427360090447,1.54586505889893,0.0109720230102539,25/09/2020 00:34:43
169,Perceptron-Tratamento Parcial,0.111914893617021,0.115961199294533,0.496703147888184,0.00498604774475098,25/09/2020 00:34:43
170,Perceptron - Sem Tratamento,0.47643362136685,0.447106524143015,0.244348764419556,0.00398707389831543,25/09/2020 00:34:43
171,RidgeClassifier - upsampled,0.559370942143991,0.755308786284824,2.38861560821533,0.0119352340698242,25/09/2020 00:34:43
172,RidgeClassifier - Tratamento Parcial,0.0185185185185185,0.0932835820895522,0.729237794876099,0.00494933128356934,25/09/2020 00:34:43
173,RidgeClassifier - Sem Tratamento ,0.475013433637829,0.658227848101266,0.242311239242554,0.00398898124694824,25/09/2020 00:34:43
174,KNeighborsClassifier,0.490172543135784,0.710063029776136,0.0319185256958008,12.1832115650177,25/09/2020 00:34:43
175,KNeighborsClassifier - Tratamento Parcial,0.0,0.0,0.0100078582763672,2.09351205825806,25/09/2020 00:34:43
176,KNeighborsClassifier - Tratamento Parcial,0.141452344931921,0.705660377358491,0.00399065017700195,0.544835329055786,25/09/2020 00:34:43
177,PassiveAggressiveClassifier - upsampled,0.586551346083567,0.626219274287944,1.44812440872192,0.011005163192749,25/09/2020 00:34:43
178,PassiveAggressiveClassifier - - Tratamento Parcial,0.032835089438863,0.0406306852637962,0.353022336959839,0.00601625442504883,25/09/2020 00:34:43
179,VotingClassifier - upsampled,0.595113230035757,0.620171407278599,1.5867235660553,0.0110015869140625,25/09/2020 00:34:43
180,VotingClassifier - tratamento parcial,0.0357053055066633,0.0459546925566343,0.413891792297363,0.00501799583435059,25/09/2020 00:34:43
181,VotingClassifier - sem tratamento,0.487661308580485,0.528459273797841,0.153599262237549,0.00398707389831543,25/09/2020 00:34:43
182,ExtraTreesClassifier - upsampled,0.6000789577576,0.704900293708456,178.457101583481,0.263296365737915,25/09/2020 00:34:43
183,ExtraTreesClassifier - tratamento parcial,0.0072289156626506,0.0135135135135135,57.5598020553589,0.0677807331085205,25/09/2020 00:34:43
184,ExtraTreesClassifier - sem tratamento,0.357077346377255,0.654708520179372,1.86544823646545,0.0339081287384033,25/09/2020 00:34:43
185,AdaBoostClassifier - upsampled,0.444043887147336,0.702803274621682,134.542860269547,3.12471485137939,25/09/2020 00:34:43
186,AdaBoostClassifier - tratamento parcial,0.0597844977407021,0.193258426966292,59.5439894199371,1.26134562492371,25/09/2020 00:34:43
187,AdaBoostClassifier - sem tratamento,0.451851851851852,0.547576301615799,18.7567822933197,0.708622694015503,25/09/2020 00:34:43
188,GradientBoostingClassifier - upsampled,0.294106427617776,0.877632327831531,128.733242273331,0.0937421321868896,25/09/2020 00:34:43
189,GradientBoostingClassifier - Tratamento Parcial,0.00518902891030393,0.0263157894736842,124.875612735748,0.0604314804077148,25/09/2020 00:34:43
190,GradientBoostingClassifier  - sem tratamento,0.374511571986775,0.657172995780591,37.129652261734,0.0222823619842529,25/09/2020 00:34:43
191,RandomForestClassifier - upsampled,0.605429575215586,0.684233323707768,665.138923883438,1.16335463523865,25/09/2020 00:34:43
192,RandomForestClassifier - Tratamento Parcial,0.00516499282639885,0.00854700854700855,164.346824645996,0.350641489028931,25/09/2020 00:34:43
193,RandomForestClassifier- Sem Tratamento,0.346766635426429,0.675182481751825,6.14186978340149,0.151549816131592,25/09/2020 00:34:43
194,movielens-LogisticRegression-upsampled,0.294028068407156,0.18207968954592,85.9693806171417,0.182267665863037,28/09/2020 23:16:05
195,movielens-LogisticRegression-Parcial,0.119468324715287,0.0716834962359502,24.3430445194244,0.0552468299865723,28/09/2020 23:16:05
196,movielens-LogisticRegression-Sem Tratamento,0.516622086358426,0.405220566197106,11.6823201179504,0.0329225063323975,28/09/2020 23:16:05
197,movielens-SGD Classifier-upsampled,0.240547956467674,0.405220566197106,32.3231525421143,0.13056755065918,28/09/2020 23:16:05
198,movielens-SGD Classifier - Tratamento Parcial,0.116072985065954,0.405220566197106,17.7493917942047,0.0465602874755859,28/09/2020 23:16:05
199,movielens-SGD Classifier - Sem Tratamento,0.117360607344734,0.405220566197106,16.2539479732513,0.053912878036499,28/09/2020 23:16:05
200,movielens-Perceptron - upsampled,0.140016311099932,0.150858175248419,12.3550217151642,0.0857405662536621,28/09/2020 23:16:05
201,movielens-Perceptron-Tratamento Parcial,0.0989911727616646,0.100954642132858,4.95211887359619,0.034677267074585,28/09/2020 23:16:05
202,Perceptron - Sem Tratamento,0.397206869324911,0.409514118544899,3.08339858055115,0.022268533706665,28/09/2020 23:16:05
203,movielens- RidgeClassifier - upsampled,0.0251091703056769,0.791005291005291,11.8825280666351,0.074514627456665,28/09/2020 23:16:05
204,movielens- RidgeClassifier - Tratamento Parcial,0.00170777988614801,0.295081967213115,5.06639695167542,0.0299651622772217,28/09/2020 23:16:05
205,movielens- RidgeClassifier - Sem Tratamento ,0.488577973131926,0.690282515525234,2.92542767524719,0.0339164733886719,28/09/2020 23:16:05
206,LogisticRegression-upsampled,0.538704900376952,0.381403993709193,7.51202154159546,0.0259335041046143,29/09/2020 21:08:00
207,LogisticRegression-Parcial,0.211574507966261,0.147935779816514,2.21537971496582,0.00501847267150879,29/09/2020 21:08:00
208,LogisticRegression-Sem Tratamento,0.572781065088757,0.539576365663322,0.937442541122437,0.00398850440979004,29/09/2020 21:08:00
209,LogisticRegression-upsampled,0.612441852391863,0.612441852391863,0.0,55555.0,29/09/2020 21:08:00
210,LogisticRegression-upsampled,0.563692143524076,0.601994301994302,0.0,55555.0,30/09/2020 11:03:43
211,LogisticRegression-upsampled,0.0124378109452736,0.757575757575758,0.0,55555.0,30/09/2020 11:49:16
212,LogisticRegression-upsampled,0.532724696993546,0.374761925853745,13.5519587993622,0.0301117897033691,30/09/2020 13:56:29
213,LogisticRegression-Parcial,0.211574507966261,0.147935779816514,3.55173110961914,0.0100491046905518,30/09/2020 13:56:29
214,LogisticRegression-upsampled,0.231986933852629,0.231986933852629,430.616755723953,55555.0,30/09/2020 11:49:16
215,LogisticRegression-upsampled,0.570876132930514,0.550839552238806,0.0,55555.0,30/09/2020 11:31:32
216,LogisticRegression-upsampled,0.323016815112376,0.308108756617327,106.336394071579,55555.0,30/09/2020 11:49:16
217,LogisticRegression-upsampled,0.0486629727776439,0.615853658536585,0.0,55555.0,30/09/2020 11:49:16
218,LogisticRegression-upsampled,0.0730377045292862,0.669565217391304,0.0,55555.0,30/09/2020 15:29:21
219,LogisticRegression-upsampled,0.0730377045292862,0.669565217391304,0.0,55555.0,30/09/2020 15:29:21
220,LogisticRegression-upsampled,0.354584442221959,0.34905802059172,129.762236118317,55555.0,30/09/2020 15:29:21
221,LogisticRegression-upsampled,0.1375306988167,0.626016260162602,189.904617786407,55555.0,30/09/2020 15:29:21
222,LogisticRegression-upsampled,0.0976316061640294,0.981288981288981,78.0253713130951,55555.0,30/09/2020 15:29:21
223,LogisticRegression-upsampled,0.0976316061640294,0.981288981288981,83.0956559181213,55555.0,30/09/2020 15:29:21
224,LogisticRegression-upsampled,0.0432984675261494,0.717741935483871,0.000992298126220703,55555.0,30/09/2020 16:00:37
225,movielens-grid-LogisticRegression-upsampled,0.466149410831415,0.704444444444444,0.0,55555.0,30/09/2020 11:31:32
226,LogisticRegression-upsampled,0.465515906803932,0.703679868952203,0.0,55555.0,30/09/2020 11:31:32
227,RandomForest-Semtratamento-tmdb,0.0284035259549461,0.597938144329897,0.0,55555.0,30/09/2020 21:51:46
228,LogisticRegression-semtratamento-tmdb,0.570876132930514,0.550839552238806,0.0,55555.0,30/09/2020 21:48:47
229,ExtraTreesClassifier-semtratamento,0.0402229222195299,0.592857142857143,0.0,55555.0,30/09/2020 21:55:00
230,RandomForest-upsampled-tmdb,0.131584897128646,0.667431192660551,232.424726724625,55555.0,30/09/2020 21:51:46
231,ExtraTreesClassifier-upsampled-upsampled,0.120191213293877,0.650246305418719,181.604516983032,55555.0,30/09/2020 21:55:00
232,ExtraTreesClassifier-upsampled-tf-idf-tmdb,0.067458232636335,0.975683890577508,77.9945571422577,55555.0,30/09/2020 21:55:00
233,RandomForest-upsampled-tf-idf,0.088339222614841,0.97926267281106,111.927673816681,55555.0,30/09/2020 21:51:46
234,LogisticRegression-upsampled,0.000809201780243917,0.736842105263158,0.0,55555.0,30/09/2020 21:55:00
235,LogisticRegression-upsampled,0.000115653732724224,0.666666666666667,0.0,55555.0,30/09/2020 21:51:46
236,LogisticRegression-semtratamento-tmdb,0.572730824326084,0.595612134344529,0.0,55555.0,01/10/2020 21:04:37
237,ExtraTreesClassifier-semtratamento,0.123153828675301,0.654589371980676,0.000996828079223633,55555.0,01/10/2020 22:20:52
238,ExtraTreesClassifier-semtratamento,0.163905456151977,0.687037037037037,0.0,55555.0,01/10/2020 22:20:52
239,ExtraTreesClassifier-upsampled-upsampled,0.113553113553114,0.650918635170604,345.139809608459,55555.0,01/10/2020 22:20:52
240,LogisticRegression-upsampled,0.0217521282350596,0.707407407407407,0.0,55555.0,01/10/2020 22:20:52
241,ExtraTreesClassifier-upsampled-tf-idf-tmdb,0.062388028243229,0.983388704318937,83.2499577999115,55555.0,01/10/2020 22:20:52
242,LogisticRegression-upsampled,0.062388028243229,0.983388704318937,0.0,55555.0,01/10/2020 22:20:52
243,LogisticRegression-semtratamento-tmdb,0.572730824326084,0.595612134344529,0.0,55555.0,02/10/2020 10:04:58
244,LogisticRegression-semtratamento-tmdb,0.457009033121445,0.686087393269714,0.0,55555.0,02/10/2020 11:29:38
245,LogisticRegression-semtratamento-td-ifdf-tmdb,0.587312383802657,0.503381267003498,5.65388131141663,55555.0,02/10/2020 11:29:38
246,movielens-grid-LogisticRegression-upsampled,0.430469581674092,0.676330297961965,5.65388131141663,55555.0,02/10/2020 11:29:38
247,LogisticRegression-upsampled,0.430469581674092,0.676330297961965,0.000997543334960938,55555.0,02/10/2020 11:29:38
248,LogisticRegression-upsampled,0.541898344999019,0.702748557855446,15.7162306308746,55555.0,02/10/2020 11:29:38
249,LogisticRegression-semtratamento-td-ifdf-tmdb,0.498246661195255,0.792170818505338,13018.7693731785,55555.0,02/10/2020 10:04:58
250,ExtraTreesClassifier-semtratamento-tmdb,0.146678555506019,0.659318637274549,0.0,55555.0,02/10/2020 14:33:24
251,ExtraTreesClassifier-upsampled-tf-idf-tmdb,0.062388028243229,0.983388704318937,87.7611684799194,55555.0,02/10/2020 14:33:24
252,ExtraTreesClassifier-semtratamento-tmdb,0.482223335002504,0.481379655086228,0.0,55555.0,02/10/2020 15:46:58
253,ExtraTreesClassifier-semtratamento-tmdb,0.500125533517449,0.500628298567479,4.86373901367187e-05,55555.0,02/10/2020 18:14:04
254,ExtraTreesClassifier-semtratamento-tmdb,0.485360628421804,0.461834654586636,8.20159912109375e-05,55555.0,04/10/2020 21:29:14
255,ExtraTreesClassifier-semtratamento-tmdb,0.49078980570275,0.493780147245494,7.03334808349609e-05,55555.0,04/10/2020 21:29:14
256,LogisticRegression-semtratamento-tmdb,0.575173282923756,0.578014184397163,3.52859497070312e-05,55555.0,04/10/2020 21:52:49
257,LogisticRegression-Tratamento Parcial-tmdb,0.387508013554355,0.339528165623495,4.29153442382812e-05,55555.0,04/10/2020 21:52:49
258,LogisticRegression-semtratamento-tmdb,0.575173282923756,0.578014184397163,4.9591064453125e-05,55555.0,05/10/2020 09:12:14
259,LogisticRegression-Tratamento Parcial-tmdb,0.387508013554355,0.339528165623495,5.03063201904297e-05,55555.0,05/10/2020 09:12:14
260,ExtraTreesClassifier-semtratamento-tmdb,0.50284956925116,0.533164699269252,3.69548797607422e-05,55555.0,05/10/2020 13:46:31
261,LogisticRegression-upsampled-tmdb,0.441942435900018,0.318110647181628,6.67572021484375e-05,55555.0,05/10/2020 09:12:14
262,LogisticRegression-Tratamento Parcial-tmdb,0.441942435900018,0.318110647181628,4.93526458740234e-05,55555.0,05/10/2020 09:12:14
263,ExtraTreesClassifier-tratamentoParcial-tmdb,0.112478031634446,0.0868738971087281,5.50746917724609e-05,55555.0,05/10/2020 13:46:31
264,NaiveBayes-semtratamento-tmdb,0.437156593406593,0.692977681001633,0.000212669372558594,55555.0,05/10/2020 20:24:15
265,NaiveBayes-semtratamento-movieLens,0.463260940781994,0.694396302715193,9.87052917480469e-05,55555.0,05/10/2020 22:10:30
266,LogisticRegression-semtratamento-tmdb,0.575173282923756,0.578014184397163,5.57899475097656e-05,55555.0,05/10/2020 22:25:03
267,NaiveBayes-tratamentoParcial-movieLens,0.146287631323387,0.311847181706973,6.96182250976562e-05,55555.0,05/10/2020 22:10:30
268,NaiveBayes-semtratamento-tmdb,0.459175154449825,0.686813186813187,7.48634338378906e-05,55555.0,06/10/2020 08:47:54
269,NaiveBayes-tratamentoParcial-tmdb,0.0148489503328213,0.0152671755725191,5.14984130859375e-05,55555.0,06/10/2020 08:47:54
270,ExtraTreesClassifier-upsampled-tmdb,0.571086876050001,0.502455155827237,4.83989715576172e-05,55555.0,06/10/2020 08:47:54
271,NaiveBayes-semtratamento-movieLens,0.458328449185324,0.706498825513461,5.14984130859375e-05,55555.0,06/10/2020 08:47:54
272,LogisticRegression-semtratamento-tmdb,0.575173282923756,0.578014184397163,4.38690185546875e-05,55555.0,06/10/2020 08:45:02
273,NaiveBayes-tratamentoParcial-movieLens,0.134723868215217,0.378479158343321,6.41345977783203e-05,55555.0,06/10/2020 08:47:54
274,NaiveBayes-upsampled-movieLens,0.421209923363947,0.674899539351171,0.000131607055664063,55555.0,06/10/2020 08:47:54
275,NaiveBayes-semtratamento-tmdb,0.458328449185324,0.706498825513461,6.103515625e-05,55555.0,06/10/2020 08:47:54
276,NaiveBayes-tratamentoParcial-movieLens,0.134723868215217,0.378479158343321,9.70363616943359e-05,55555.0,06/10/2020 08:47:54
277,NaiveBayes-tratamentoParcial-movieLens,0.134723868215217,0.378479158343321,6.55651092529297e-05,55555.0,06/10/2020 08:47:54
278,LogisticRegression-semtratamento-tmdb,0.575173282923756,0.578014184397163,6.34193420410156e-05,55555.0,06/10/2020 09:43:15
279,NaiveBayes-upsampled-movieLens,0.421209923363947,0.674899539351171,7.93933868408203e-05,55555.0,06/10/2020 08:47:54
280,LogisticRegression-Tratamento Parcial-tmdb,0.14194218452484,0.108738894045883,6.4849853515625e-05,55555.0,06/10/2020 09:43:15
281,RandomForest-Semtratamento-tmdb,0.0726413066838599,0.253753753753754,5.41210174560547e-05,55555.0,06/10/2020 10:18:41
282,RandomForest-Semtratamento-tmdb,0.0702645502645503,0.224932249322493,4.74452972412109e-05,55555.0,06/10/2020 10:35:31
283,ExtraTreesClassifier-semtratamento-tmdb,0.499522053803086,0.54826139088729,8.94069671630859e-05,55555.0,06/10/2020 10:10:56
284,RandomForest-tratamento Parcial-tmdb,0.0,0.0,7.00950622558594e-05,55555.0,06/10/2020 10:35:31
285,RandomForest-upsampled-tmdb,0.179787361127703,0.951929158760278,0.000168323516845703,55555.0,06/10/2020 10:35:31
286,ExtraTreesClassifier-tratamentoParcial-tmdb,0.114984391259105,0.0881766192312808,0.000105142593383789,55555.0,06/10/2020 10:10:56
287,LogisticRegression-upsampled-tmdb,0.522799906461922,0.371013691052413,5.65052032470703e-05,55555.0,06/10/2020 09:43:15
288,ExtraTreesClassifier-upsampled-tmdb,0.455076205707239,0.321438292775872,7.91549682617187e-05,55555.0,06/10/2020 10:10:56
289,RandomForest-sem tratamento-movielens,0.156878257171959,0.119206492335437,9.70363616943359e-05,55555.0,06/10/2020 10:35:31
290,ExtraTreesClassifier-semtratamento-movielens,0.502464548418897,0.446305485080491,6.27040863037109e-05,55555.0,06/10/2020 10:10:56
291,NaiveBayes-semtratamento-tmdb,0.453946256548927,0.695854922279793,8.24928283691406e-05,55555.0,06/10/2020 14:19:03
292,LogisticRegression-semtratamento-movieLens,0.559406242751987,0.484050194355248,8.72611999511719e-05,55555.0,06/10/2020 09:43:15
293,RandomForest-tratamento parcial-movielens,0.0,0.0,9.918212890625e-05,55555.0,06/10/2020 10:35:31
294,NaiveBayes-tratamentoParcial-tmdb,0.0,0.0,7.05718994140625e-05,55555.0,06/10/2020 14:19:03
295,LogisticRegression-Tratamento Parcial-movieLens,0.26840490797546,0.191397849462366,6.27040863037109e-05,55555.0,06/10/2020 10:10:56
296,NaiveBayes-semtratamento-tmdb,0.455448879905676,0.693333333333333,5.19752502441406e-05,55555.0,06/10/2020 22:17:53
297,NaiveBayes-tratamentoParcial-tmdb,0.0,0.0,6.31809234619141e-05,55555.0,06/10/2020 22:17:53
298,LogisticRegression-semtratamento-tmdb,0.57628852794475,0.58794363256785,7.72476196289062e-05,55555.0,07/10/2020 08:42:44
299,LogisticRegression-Tratamento Parcial-tmdb,0.146178261988505,0.111459968602826,5.12599945068359e-05,55555.0,07/10/2020 08:42:44
300,LogisticRegression-upsampled-tmdb,0.519610859032531,0.366692898428808,6.05583190917969e-05,55555.0,07/10/2020 08:42:44
301,LogisticRegression-semtratamento-movieLens,0.549527351986543,0.465435938597371,9.98973846435547e-05,55555.0,07/10/2020 08:42:44
302,LogisticRegression-Tratamento Parcial-movieLens,0.309650631906306,0.217099845748814,5.60283660888672e-05,55555.0,07/10/2020 08:42:44
303,LogisticRegression-upsampled-movielens,0.676798281514589,0.580039819106639,5.43594360351562e-05,55555.0,07/10/2020 08:42:44
